{"cameraMode":{"drawMode":0,"name":"Shaded","section":"Shading Mode"},"sceneLighting":true,"audioPlay":false,"sceneViewState":{"showFog":true,"showMaterialUpdate":true,"showSkybox":true,"showFlares":true,"showImageEffects":true,"showParticleSystems":true},"in2DMode":false,"pivot":{"x":-3.239257335662842,"y":-8.856598854064942,"z":20.540409088134767},"rotation":{"x":-0.281186580657959,"y":-0.00537803303450346,"z":0.0015749962767586113,"w":-0.9596367478370667},"size":23.61077308654785,"orthographic":false}